Date,YTM,Duration,Convexity,Investment Return,Investment Return (%),Cumul Monthly Returns
1961-12-31,0.04060,8.15210,78.56935,0.00000,0.00000,1.00000
1962-01-31,0.04100,8.13640,78.35120,0.00007,0.00737,1.00007
1962-02-28,0.04000,8.17572,78.89793,0.01157,1.15693,1.01164
1962-03-31,0.03860,8.23122,79.67099,0.01488,1.48755,1.02669
1962-04-30,0.03860,8.23122,79.67099,0.00316,0.31611,1.02994
1962-05-31,0.03900,8.21530,79.44920,-0.00012,-0.01186,1.02982
1962-06-30,0.04000,8.17572,78.89793,-0.00494,-0.49430,1.02473
1962-07-31,0.04040,8.15996,78.67869,0.00002,0.00161,1.02474
1962-08-31,0.03960,8.19152,79.11789,0.00988,0.98844,1.03487
1962-09-30,0.03940,8.19944,79.22814,0.00488,0.48830,1.03992
1962-10-31,0.03920,8.20736,79.33858,0.00487,0.48686,1.04499
1962-11-30,0.03920,8.20736,79.33858,0.00321,0.32094,1.04834
1962-12-31,0.03850,8.23520,79.72656,0.00899,0.89936,1.05777
1963-01-31,0.03870,8.22723,79.61548,0.00151,0.15092,1.05937
1963-02-28,0.03940,8.19944,79.22814,-0.00255,-0.25510,1.05666
1963-03-31,0.03950,8.19548,79.17299,0.00241,0.24063,1.05921
1963-04-30,0.03950,8.19548,79.17299,0.00323,0.32335,1.06263
1963-05-31,0.03960,8.19152,79.11789,0.00241,0.24148,1.06520
1963-06-30,0.04000,8.17572,78.89793,-0.00002,-0.00224,1.06517
1963-07-31,0.04000,8.17572,78.89793,0.00327,0.32737,1.06866
1963-08-31,0.04020,8.16783,78.78822,0.00164,0.16417,1.07041
1963-09-30,0.04070,8.14817,78.51474,-0.00077,-0.07745,1.06959
1963-10-31,0.04150,8.11685,78.07954,-0.00314,-0.31385,1.06623
1963-11-30,0.04080,8.14425,78.46019,0.00911,0.91144,1.07595
1963-12-31,0.04140,8.12076,78.13378,-0.00152,-0.15204,1.07431
1964-01-31,0.04150,8.11685,78.07954,0.00257,0.25749,1.07708
1964-02-29,0.04180,8.10515,77.91707,0.00097,0.09662,1.07812
1964-03-31,0.04230,8.08571,77.64720,-0.00061,-0.06148,1.07746
1964-04-30,0.04220,8.08959,77.70109,0.00427,0.42678,1.08205
1964-05-31,0.04190,8.10126,77.86301,0.00588,0.58843,1.08842
1964-06-30,0.04150,8.11685,78.07954,0.00668,0.66793,1.09569
1964-07-31,0.04190,8.10126,77.86301,0.00016,0.01600,1.09587
1964-08-31,0.04210,8.09348,77.75502,0.00181,0.18092,1.09785
1964-09-30,0.04180,8.10515,77.91707,0.00588,0.58775,1.10430
1964-10-31,0.04160,8.11295,78.02534,0.00504,0.50425,1.10987
1964-11-30,0.04200,8.09736,77.80899,0.00017,0.01696,1.11006
1964-12-31,0.04210,8.09348,77.75502,0.00263,0.26254,1.11297
1965-01-31,0.04190,8.10126,77.86301,0.00506,0.50642,1.11861
1965-02-28,0.04220,8.08959,77.70109,0.00100,0.10030,1.11973
1965-03-31,0.04200,8.09736,77.80899,0.00507,0.50715,1.12541
1965-04-30,0.04210,8.09348,77.75502,0.00263,0.26254,1.12836
1965-05-31,0.04230,8.08571,77.64720,0.00183,0.18268,1.13042
1965-06-30,0.04200,8.09736,77.80899,0.00589,0.58912,1.13708
1965-07-31,0.04220,8.08959,77.70109,0.00182,0.18180,1.13915
1965-08-31,0.04270,8.07020,77.43210,-0.00057,-0.05750,1.13850
1965-09-30,0.04350,8.03931,77.00404,-0.00292,-0.29163,1.13518
1965-10-31,0.04410,8.01626,76.68484,-0.00124,-0.12413,1.13377
1965-11-30,0.04480,7.98948,76.31443,-0.00197,-0.19712,1.13153
1965-12-31,0.04650,7.92499,75.42374,-0.00970,-0.97047,1.12055
1966-01-31,0.04690,7.90993,75.21597,0.00064,0.06368,1.12126
1966-02-28,0.05020,7.78722,73.52771,-0.02147,-2.14707,1.09719
1966-03-31,0.04710,7.90241,75.11234,0.02895,2.89485,1.12895
1966-04-30,0.04790,7.87245,74.69953,-0.00243,-0.24313,1.12621
1966-05-31,0.04800,7.86872,74.64812,0.00312,0.31201,1.12972
1966-06-30,0.04970,7.80564,73.78057,-0.00925,-0.92484,1.11927
1966-07-31,0.05050,7.77621,73.37649,-0.00215,-0.21473,1.11687
1966-08-31,0.05360,7.66367,71.83546,-0.01930,-1.92983,1.09532
1966-09-30,0.05020,7.78722,73.52771,0.03126,3.12621,1.12956
1966-10-31,0.04970,7.80564,73.78057,0.00800,0.80021,1.13860
1966-11-30,0.05120,7.75059,73.02509,-0.00749,-0.74935,1.13007
1966-12-31,0.04640,7.92877,75.47578,0.04310,4.30973,1.17877
1967-01-31,0.04520,7.97424,76.10373,0.01341,1.34107,1.19458
1967-02-28,0.04720,7.89866,75.06059,-0.01196,-1.19564,1.18029
1967-03-31,0.04500,7.98186,76.20900,0.02160,2.15952,1.20578
1967-04-30,0.04780,7.87619,74.75098,-0.01809,-1.80855,1.18397
1967-05-31,0.04810,7.86499,74.59675,0.00154,0.15425,1.18580
1967-06-30,0.05220,7.71420,72.52657,-0.02710,-2.70960,1.15367
1967-07-31,0.05160,7.73600,72.82519,0.00890,0.89040,1.16394
1967-08-31,0.05270,7.69610,72.27883,-0.00422,-0.42204,1.15903
1967-09-30,0.05310,7.68166,72.08138,0.00122,0.12221,1.16045
1967-10-31,0.05640,7.56406,70.47676,-0.02026,-2.02568,1.13694
1967-11-30,0.05740,7.52894,69.99898,-0.00291,-0.29112,1.13363
1967-12-31,0.05700,7.54296,70.18963,0.00768,0.76847,1.14234
1968-01-31,0.05540,7.59942,70.95845,0.01688,1.68801,1.16162
1968-02-29,0.05560,7.59232,70.86180,0.00299,0.29864,1.16509
1968-03-31,0.05760,7.52194,69.90389,-0.01038,-1.03848,1.15299
1968-04-30,0.05740,7.52894,69.99898,0.00618,0.61849,1.16013
1968-05-31,0.05860,7.48711,69.43077,-0.00427,-0.42726,1.15517
1968-06-30,0.05640,7.56406,70.47676,0.02157,2.15684,1.18008
1968-07-31,0.05390,7.65291,71.68840,0.02394,2.39390,1.20833
1968-08-31,0.05420,7.64216,71.54169,0.00209,0.20950,1.21087
1968-09-30,0.05490,7.61718,71.20077,-0.00091,-0.09064,1.20977
1968-10-31,0.05610,7.57464,70.62085,-0.00457,-0.45750,1.20423
1968-11-30,0.05780,7.51496,69.80896,-0.00812,-0.81156,1.19446
1968-12-31,0.06160,7.38401,68.03425,-0.02287,-2.28745,1.16714
1969-01-31,0.06190,7.37382,67.89646,0.00278,0.27848,1.17039
1969-02-28,0.06260,7.35011,67.57626,-0.00011,-0.01110,1.17026
1969-03-31,0.06300,7.33661,67.39409,0.00214,0.21435,1.17277
1969-04-30,0.06200,7.37043,67.85061,0.01251,1.25086,1.18744
1969-05-31,0.06560,7.24977,66.22431,-0.02064,-2.06446,1.16292
1969-06-30,0.06730,7.19380,65.47264,-0.00683,-0.68260,1.15498
1969-07-31,0.06660,7.21676,65.78090,0.01051,1.05103,1.16712
1969-08-31,0.06830,7.16117,65.03527,-0.00669,-0.66925,1.15931
1969-09-30,0.07510,6.94499,62.15267,-0.04027,-4.02681,1.11263
1969-10-31,0.06940,7.12553,64.55822,0.04772,4.77170,1.16572
1969-11-30,0.07290,7.01386,63.06811,-0.01856,-1.85551,1.14409
1969-12-31,0.07880,6.83141,60.64892,-0.03337,-3.33687,1.10591
1970-01-31,0.07750,6.87100,61.17221,0.01532,1.53248,1.12286
1970-02-28,0.06900,7.13846,64.73121,0.06926,6.92550,1.20062
1970-03-31,0.07080,7.08055,63.95714,-0.00707,-0.70656,1.19214
1970-04-30,0.07820,6.84964,60.88976,-0.04330,-4.33034,1.14052
1970-05-31,0.07950,6.81023,60.36939,-0.00251,-0.25081,1.13766
1970-06-30,0.07680,6.89246,61.45624,0.02523,2.52288,1.16636
1970-07-31,0.07380,6.98557,62.69166,0.02742,2.74240,1.19835
1970-08-31,0.07490,6.95121,62.23522,-0.00166,-0.16574,1.19636
1970-09-30,0.07290,7.01386,63.06811,0.02019,2.01910,1.22051
1970-10-31,0.07330,7.00127,62.90046,0.00309,0.30855,1.22428
1970-11-30,0.06490,7.27300,66.53684,0.06935,6.93529,1.30919
1970-12-31,0.06500,7.26967,66.49208,0.00453,0.45272,1.31511
1971-01-31,0.06090,7.40788,68.35707,0.03621,3.62086,1.36273
1971-02-28,0.06140,7.39082,68.12630,0.00125,0.12517,1.36444
1971-03-31,0.05530,7.60296,71.00683,0.05268,5.26772,1.43631
1971-04-30,0.06080,7.41130,68.40333,-0.03523,-3.52321,1.38571
1971-05-31,0.06380,7.30973,67.03154,-0.01670,-1.66968,1.36257
1971-06-30,0.06700,7.20363,65.60454,-0.01755,-1.75485,1.33866
1971-07-31,0.06850,7.15467,64.94822,-0.00524,-0.52401,1.33165
1971-08-31,0.06280,7.34336,67.48510,0.04849,4.84900,1.39622
1971-09-30,0.06000,7.43874,68.77482,0.02619,2.61865,1.43278
1971-10-31,0.05870,7.48364,69.38367,0.01465,1.46549,1.45378
1971-11-30,0.05930,7.46287,69.10186,0.00030,0.02995,1.45421
1971-12-31,0.05890,7.47670,69.28958,0.00781,0.78085,1.46557
1972-01-31,0.06090,7.40788,68.35707,-0.00990,-0.98984,1.45106
1972-02-29,0.06040,7.42500,68.58878,0.00866,0.86597,1.46363
1972-03-31,0.06120,7.39764,68.21849,-0.00100,-0.09971,1.46217
1972-04-30,0.06140,7.39082,68.12630,0.00349,0.34855,1.46726
1972-05-31,0.06050,7.42157,68.54236,0.01169,1.16853,1.48441
1972-06-30,0.06150,7.38742,68.08026,-0.00245,-0.24463,1.48078
1972-07-31,0.06120,7.39764,68.21849,0.00721,0.72083,1.49145
1972-08-31,0.06420,7.29634,66.85114,-0.01663,-1.66259,1.46666
1972-09-30,0.06540,7.25639,66.31343,-0.00346,-0.34612,1.46158
1972-10-31,0.06410,7.29969,66.89618,0.01484,1.48393,1.48327
1972-11-30,0.06280,7.34336,67.48510,0.01479,1.47943,1.50521
1972-12-31,0.06410,7.29969,66.89618,-0.00434,-0.43446,1.49867
1973-01-31,0.06540,7.25639,66.31343,-0.00419,-0.41864,1.49240
1973-02-28,0.06640,7.22335,65.86930,-0.00190,-0.18973,1.48957
1973-03-31,0.06730,7.19380,65.47264,-0.00108,-0.10761,1.48796
1973-04-30,0.06700,7.20363,65.60454,0.00761,0.76065,1.49928
1973-05-31,0.06930,7.12876,64.60142,-0.01081,-1.08064,1.48308
1973-06-30,0.06940,7.12553,64.55822,0.00489,0.48871,1.49033
1973-07-31,0.07430,6.96992,62.48369,-0.02780,-2.77954,1.44890
1973-08-31,0.07250,7.02649,63.23630,0.01874,1.87404,1.47606
1973-09-30,0.06900,7.13846,64.73121,0.03123,3.12308,1.52216
1973-10-31,0.06710,7.20035,65.56054,0.01937,1.93748,1.55165
1973-11-30,0.06690,7.20691,65.64858,0.00687,0.68694,1.56231
1973-12-31,0.06900,7.13846,64.73121,-0.00944,-0.94370,1.54756
1974-01-31,0.07000,7.10620,64.29979,-0.00150,-0.14983,1.54524
1974-02-28,0.07010,7.10299,64.25684,0.00494,0.49442,1.55288
1974-03-31,0.07410,6.97617,62.56678,-0.02174,-2.17422,1.51912
1974-04-30,0.07660,6.89861,61.53768,-0.01108,-1.10795,1.50229
1974-05-31,0.07520,6.94189,62.11144,0.01595,1.59491,1.52625
1974-06-30,0.07640,6.90477,61.61925,-0.00218,-0.21808,1.52292
1974-07-31,0.07890,6.82838,60.60889,-0.01073,-1.07275,1.50658
1974-08-31,0.08110,6.76219,59.73629,-0.00838,-0.83837,1.49395
1974-09-30,0.07940,6.81325,60.40923,0.01819,1.81892,1.52113
1974-10-31,0.07790,6.85878,61.01062,0.01674,1.67442,1.54660
1974-11-30,0.07640,6.90477,61.61925,0.01670,1.66973,1.57242
1974-12-31,0.07400,6.97930,62.60837,0.02308,2.30847,1.60872
1975-01-31,0.07530,6.93878,62.07024,-0.00300,-0.30011,1.60389
1975-02-28,0.07460,6.96056,62.35931,0.01096,1.09560,1.62146
1975-03-31,0.08010,6.79216,60.13103,-0.03043,-3.04337,1.57212
1975-04-30,0.08310,6.70284,58.95615,-0.01340,-1.34014,1.55105
1975-05-31,0.08040,6.78314,60.01228,0.02521,2.52077,1.59015
1975-06-30,0.07960,6.80721,60.32959,0.01193,1.19302,1.60912
1975-07-31,0.08200,6.73539,59.38369,-0.00959,-0.95909,1.59368
1975-08-31,0.08220,6.72945,59.30568,0.00524,0.52445,1.60204
1975-09-30,0.08480,6.65301,58.30270,-0.01050,-1.04960,1.58523
1975-10-31,0.07910,6.82232,60.52893,0.04668,4.66765,1.65922
1975-11-30,0.08140,6.75324,59.61847,-0.00901,-0.90106,1.64427
1975-12-31,0.07760,6.86794,61.13176,0.03308,3.30822,1.69867
1976-01-31,0.07800,6.85573,60.97030,0.00351,0.35100,1.70463
1976-02-29,0.07770,6.86489,61.09135,0.00834,0.83408,1.71885
1976-03-31,0.07660,6.89861,61.53768,0.01388,1.38809,1.74271
1976-04-30,0.07670,6.89553,61.49694,0.00548,0.54804,1.75226
1976-05-31,0.07960,6.80721,60.32959,-0.01331,-1.33098,1.72893
1976-06-30,0.07860,6.83748,60.72907,0.01327,1.32708,1.75188
1976-07-31,0.07860,6.83748,60.72907,0.00633,0.63252,1.76296
1976-08-31,0.07660,6.89861,61.53768,0.02025,2.02455,1.79865
1976-09-30,0.07550,6.93258,61.98795,0.01383,1.38330,1.82353
1976-10-31,0.07420,6.97305,62.52522,0.01520,1.52017,1.85125
1976-11-30,0.07010,7.10299,64.25684,0.03564,3.56448,1.91724
1976-12-31,0.06810,7.16768,65.12247,0.02013,2.01276,1.95583
1977-01-31,0.07400,6.97930,62.60837,-0.03458,-3.45830,1.88819
1977-02-28,0.07450,6.96368,62.40074,0.00249,0.24929,1.89290
1977-03-31,0.07420,6.97305,62.52522,0.00810,0.81006,1.90823
1977-04-30,0.07450,6.96368,62.40074,0.00390,0.38962,1.91567
1977-05-31,0.07380,6.98557,62.69166,0.01091,1.09112,1.93657
1977-06-30,0.07200,7.04233,63.44729,0.01873,1.87303,1.97284
1977-07-31,0.07420,6.97305,62.52522,-0.00938,-0.93787,1.95434
1977-08-31,0.07280,7.01702,63.11011,0.01587,1.58682,1.98535
1977-09-30,0.07410,6.97617,62.56678,-0.00314,-0.31430,1.97911
1977-10-31,0.07620,6.91093,61.70095,-0.00840,-0.84022,1.96248
1977-11-30,0.07550,6.93258,61.98795,0.01101,1.10064,1.98408
1977-12-31,0.07780,6.86183,61.05097,-0.00954,-0.95368,1.96516
1978-01-31,0.07940,6.81325,60.40923,-0.00456,-0.45609,1.95620
1978-02-28,0.08040,6.78314,60.01228,-0.00037,-0.03657,1.95548
1978-03-31,0.08150,6.75026,59.57926,-0.00092,-0.09242,1.95367
1978-04-30,0.08240,6.72353,59.22779,0.00052,0.05233,1.95470
1978-05-31,0.08420,6.67053,58.53233,-0.00529,-0.52919,1.94435
1978-06-30,0.08620,6.61238,57.77114,-0.00635,-0.63496,1.93201
1978-07-31,0.08560,6.62975,57.99823,0.01090,1.09025,1.95307
1978-08-31,0.08390,6.67932,58.64755,0.01831,1.83075,1.98883
1978-09-30,0.08560,6.62975,57.99823,-0.00445,-0.44504,1.97998
1978-10-31,0.08960,6.51525,56.50444,-0.01874,-1.87411,1.94287
1978-11-30,0.08860,6.54360,56.87348,0.01375,1.37486,1.96958
1978-12-31,0.09150,6.46191,55.81124,-0.01141,-1.14054,1.94712
1979-01-31,0.08950,6.51808,56.54122,0.02047,2.04720,1.98698
1979-02-28,0.09170,6.45633,55.73888,-0.00690,-0.69002,1.97327
1979-03-31,0.09110,6.47308,55.95632,0.01123,1.12321,1.99543
1979-04-30,0.09350,6.40645,55.09267,-0.00792,-0.79248,1.97962
1979-05-31,0.09060,6.48709,56.13831,0.02653,2.65251,2.03213
1979-06-30,0.08810,6.55784,57.05909,0.02383,2.38264,2.08055
1979-07-31,0.09010,6.50115,56.32102,-0.00583,-0.58288,2.06842
1979-08-31,0.09240,6.43686,55.48649,-0.00744,-0.74430,2.05302
1979-09-30,0.09440,6.38173,54.77298,-0.00526,-0.52620,2.04222
1979-10-31,0.10720,6.04521,50.46144,-0.06570,-6.56994,1.90805
1979-11-30,0.10380,6.13193,51.56511,0.02967,2.96689,1.96466
1979-12-31,0.10330,6.14484,51.72988,0.01134,1.13427,1.98694
1980-01-31,0.11130,5.94310,49.16860,-0.03775,-3.77456,1.91194
1980-02-29,0.12720,5.57105,44.52285,-0.07412,-7.41188,1.77023
1980-03-31,0.12640,5.58890,44.74338,0.01451,1.45134,1.79592
1980-04-30,0.10760,6.03513,50.33349,0.13232,13.23237,2.03357
1980-05-31,0.10250,6.16559,51.99486,0.04067,4.06734,2.11628
1980-06-30,0.10090,6.20740,52.52979,0.01816,1.81639,2.15472
1980-07-31,0.10760,6.03513,50.33349,-0.03126,-3.12628,2.08736
1980-08-31,0.11550,5.84120,47.88594,-0.03610,-3.60985,2.01201
1980-09-30,0.11860,5.76769,46.96540,-0.00850,-0.85040,1.99490
1980-10-31,0.12460,5.62940,45.24450,-0.02358,-2.35784,1.94786
1980-11-30,0.12720,5.57105,44.52285,-0.00450,-0.45006,1.93909
1980-12-31,0.12430,5.63619,45.32869,0.02656,2.65636,1.99060
1981-01-31,0.12680,5.57997,44.63294,-0.00400,-0.39992,1.98264
1981-02-28,0.13430,5.41640,42.62303,-0.02943,-2.94261,1.92430
1981-03-31,0.13130,5.48092,43.41336,0.02719,2.71948,1.97663
1981-04-30,0.14110,5.27444,40.89626,-0.03939,-3.93920,1.89877
1981-05-31,0.13500,5.40151,42.44118,0.04480,4.47989,1.98383
1981-06-30,0.13860,5.32595,41.52089,-0.00830,-0.82958,1.96737
1981-07-31,0.14670,5.16184,39.53868,-0.02964,-2.96385,1.90906
1981-08-31,0.15410,5.01874,37.82916,-0.02463,-2.46303,1.86204
1981-09-30,0.15840,4.93844,36.87783,-0.00888,-0.88793,1.84551
1981-10-31,0.14630,5.16976,39.63378,0.07778,7.77842,1.98906
1981-11-30,0.13130,5.48092,43.41336,0.09854,9.85411,2.18506
1981-12-31,0.13980,5.30113,41.21961,-0.03324,-3.32369,2.11244
1982-01-31,0.14140,5.26831,40.82209,0.00259,0.25870,2.11791
1982-02-28,0.14030,5.29084,41.09487,0.01693,1.69270,2.15375
1982-03-31,0.14180,5.26016,40.72345,0.00316,0.31566,2.16055
1982-04-30,0.13870,5.32387,41.49568,0.02782,2.78152,2.22065
1982-05-31,0.13710,5.35723,41.90133,0.01951,1.95079,2.26397
1982-06-30,0.14440,5.20763,40.08941,-0.02618,-2.61832,2.20469
1982-07-31,0.13680,5.36352,41.97793,0.05328,5.32785,2.32215
1982-08-31,0.12810,5.55107,44.27634,0.06071,6.07120,2.46314
1982-09-30,0.11730,5.79835,47.34877,0.07548,7.54787,2.64905
1982-10-31,0.10710,6.04774,50.49348,0.07360,7.35994,2.84402
1982-11-30,0.10790,6.02759,50.23780,0.00371,0.37087,2.85457
1982-12-31,0.10360,6.13709,51.63094,0.03544,3.54422,2.95574
1983-01-31,0.10800,6.02508,50.20595,-0.01778,-1.77757,2.90320
1983-02-28,0.10270,6.16039,51.92846,0.04196,4.19624,3.02503
1983-03-31,0.10620,6.07052,50.78303,-0.01276,-1.27557,2.98644
1983-04-30,0.10270,6.16039,51.92846,0.03033,3.03258,3.07700
1983-05-31,0.10810,6.02257,50.17412,-0.02361,-2.36103,3.00436
1983-06-30,0.10960,5.98512,49.69969,-0.00033,-0.03312,3.00336
1983-07-31,0.11760,5.79125,47.25996,-0.03611,-3.61134,2.89490
1983-08-31,0.11980,5.73962,46.61488,-0.00321,-0.32060,2.88562
1983-09-30,0.11440,5.86763,48.21788,0.04186,4.18620,3.00642
1983-10-31,0.11740,5.79598,47.31914,-0.00811,-0.81078,2.98204
1983-11-30,0.11630,5.82209,47.64628,0.01573,1.57264,3.02894
1983-12-31,0.11820,5.77710,47.08295,-0.00168,-0.16810,3.02385
1984-01-31,0.11670,5.81258,47.52700,0.01813,1.81258,3.07866
1984-02-29,0.12040,5.72566,46.44083,-0.01163,-1.16265,3.04286
1984-03-31,0.12530,5.61360,45.04880,-0.01745,-1.74470,2.98977
1984-04-30,0.12820,5.54886,44.24905,-0.00602,-0.60196,2.97178
1984-05-31,0.13910,5.31558,41.39503,-0.04538,-4.53782,2.83692
1984-06-30,0.13840,5.33010,41.57137,0.01465,1.46536,2.87849
1984-07-31,0.12910,5.52900,44.00441,0.06418,6.41832,3.06324
1984-08-31,0.12790,5.55550,44.33097,0.01687,1.68683,3.11492
1984-09-30,0.12470,5.62714,45.21648,0.02832,2.83186,3.20313
1984-10-31,0.11790,5.78417,47.17135,0.05026,5.02641,3.36413
1984-11-30,0.11580,5.83402,47.79589,0.02169,2.16878,3.43709
1984-12-31,0.11550,5.84120,47.88594,0.01093,1.09273,3.47465
1985-01-31,0.11170,5.93328,49.04465,0.03205,3.20507,3.58601
1985-02-28,0.11910,5.75597,46.81896,-0.03245,-3.24490,3.46965
1985-03-31,0.11650,5.81733,47.58659,0.02471,2.47071,3.55537
1985-04-30,0.11410,5.87487,48.30890,0.02346,2.34643,3.63880
1985-05-31,0.10280,6.15780,51.89530,0.08194,8.19409,3.93696
1985-06-30,0.10250,6.16559,51.99486,0.01004,1.00397,3.97649
1985-07-31,0.10570,6.08324,50.94476,-0.01104,-1.10407,3.93259
1985-08-31,0.10280,6.15780,51.89530,0.02648,2.64842,4.03674
1985-09-30,0.10310,6.15002,51.79597,0.00635,0.63450,4.06235
1985-10-31,0.10010,6.22846,52.79976,0.02713,2.71335,4.17258
1985-11-30,0.09590,6.34085,54.24515,0.03509,3.50918,4.31900
1985-12-31,0.09000,6.50397,56.35764,0.04701,4.70148,4.52206
1986-01-31,0.09080,6.48148,56.06543,0.00204,0.20401,4.53128
1986-02-28,0.08130,6.75622,59.65771,0.07415,7.41450,4.86726
1986-03-31,0.07390,6.98243,62.65000,0.05992,5.99203,5.15890
1986-04-30,0.07380,6.98557,62.69166,0.00666,0.66580,5.19325
1986-05-31,0.08050,6.78015,59.97276,-0.03813,-3.81296,4.99523
1986-06-30,0.07350,6.99498,62.81684,0.05698,5.69767,5.27985
1986-07-31,0.07340,6.99812,62.85864,0.00663,0.66280,5.31484
1986-08-31,0.06950,7.12230,64.51506,0.03419,3.41877,5.49654
1986-09-30,0.07450,6.96368,62.40074,-0.02842,-2.84234,5.34031
1986-10-31,0.07340,6.99812,62.85864,0.01374,1.37419,5.41370
1986-11-30,0.07150,7.05822,63.65913,0.01945,1.94456,5.51897
1986-12-31,0.07230,7.03282,63.32059,0.00017,0.01656,5.51989
1987-01-31,0.07180,7.04868,63.53193,0.00937,0.93664,5.57159
1987-02-28,0.07190,7.04550,63.48959,0.00509,0.50908,5.59995
1987-03-31,0.07510,6.94499,62.15267,-0.01610,-1.61029,5.50977
1987-04-30,0.08210,6.73242,59.34467,-0.03962,-3.96203,5.29148
1987-05-31,0.08490,6.65010,58.26454,-0.01179,-1.17949,5.22906
1987-06-30,0.08380,6.68226,58.68602,0.01420,1.41997,5.30332
1987-07-31,0.08660,6.60084,57.62035,-0.01153,-1.15278,5.24218
1987-08-31,0.09000,6.50397,56.35764,-0.01484,-1.48426,5.16437
1987-09-30,0.09630,6.33002,54.10544,-0.03160,-3.15981,5.00119
1987-10-31,0.08880,6.53792,56.79944,0.05832,5.83230,5.29287
1987-11-30,0.08990,6.50679,56.39430,-0.00001,-0.00085,5.29283
1987-12-31,0.08830,6.55214,56.98476,0.01776,1.77560,5.38681
1988-01-31,0.08260,6.71761,59.15002,0.04633,4.63276,5.63636
1988-02-29,0.08160,6.74728,59.54009,0.01341,1.34128,5.71196
1988-03-31,0.08570,6.62685,57.96031,-0.02012,-2.01247,5.59701
1988-04-30,0.08870,6.54076,56.83644,-0.01249,-1.24909,5.52710
1988-05-31,0.09200,6.44798,55.63054,-0.01387,-1.38682,5.45045
1988-06-30,0.08820,6.55499,57.02191,0.03268,3.26819,5.62858
1988-07-31,0.09120,6.47029,55.92001,-0.01209,-1.20906,5.56053
1988-08-31,0.09250,6.43409,55.45054,-0.00102,-0.10178,5.55487
1988-09-30,0.08870,6.54076,56.83644,0.03266,3.26649,5.73632
1988-10-31,0.08650,6.60373,57.65800,0.02177,2.17749,5.86122
1988-11-30,0.09060,6.48709,56.13831,-0.01919,-1.91878,5.74876
1988-12-31,0.09140,6.46470,55.84747,0.00210,0.20996,5.76083
1989-01-31,0.09010,6.50115,56.32102,0.01581,1.58142,5.85193
1989-02-28,0.09320,6.41473,55.19974,-0.01241,-1.24054,5.77934
1989-03-31,0.09300,6.42025,55.27126,0.00874,0.87386,5.82984
1989-04-30,0.09020,6.49834,56.28442,0.02585,2.58540,5.98056
1989-05-31,0.08600,6.61816,57.84672,0.03553,3.55292,6.19305
1989-06-30,0.08100,6.76518,59.77562,0.04147,4.14719,6.44989
1989-07-31,0.07820,6.84964,60.88976,0.02593,2.59293,6.61713
1989-08-31,0.08260,6.71761,59.15002,-0.02269,-2.26908,6.46698
1989-09-30,0.08310,6.70284,58.95615,0.00329,0.32917,6.48827
1989-10-31,0.07920,6.81930,60.48900,0.03373,3.37297,6.70712
1989-11-30,0.07840,6.84355,60.80936,0.01187,1.18662,6.78670
1989-12-31,0.07930,6.81627,60.44910,0.00020,0.01995,6.78806
1990-01-31,0.08430,6.66761,58.49398,-0.02623,-2.62272,6.61003
1990-02-28,0.08510,6.64427,58.18830,0.00147,0.14705,6.61975
1990-03-31,0.08650,6.60373,57.65800,-0.00236,-0.23595,6.60413
1990-04-30,0.09040,6.49271,56.21131,-0.01796,-1.79567,6.48554
1990-05-31,0.08600,6.61816,57.84672,0.03692,3.69180,6.72497
1990-06-30,0.08430,6.66761,58.49398,0.01832,1.83182,6.84816
1990-07-31,0.08360,6.68813,58.76304,0.01146,1.14634,6.92666
1990-08-31,0.08860,6.54360,56.87348,-0.02529,-2.52939,6.75146
1990-09-30,0.08820,6.55499,57.02191,0.00973,0.97260,6.81713
1990-10-31,0.08650,6.60373,57.65800,0.01838,1.83783,6.94241
1990-11-30,0.08260,6.71761,59.15002,0.03359,3.35859,7.17558
1990-12-31,0.08080,6.77116,59.85438,0.01892,1.89208,7.31135
1991-01-31,0.08030,6.78615,60.05183,0.00990,0.98967,7.38371
1991-02-28,0.08020,6.78915,60.09142,0.00714,0.71365,7.43640
1991-03-31,0.08050,6.78015,59.97276,0.00442,0.44182,7.46926
1991-04-30,0.08020,6.78915,60.09142,0.00851,0.85123,7.53284
1991-05-31,0.08060,6.77715,59.93327,0.00374,0.37435,7.56104
1991-06-30,0.08240,6.72353,59.22779,-0.00553,-0.55258,7.51926
1991-07-31,0.08200,6.73539,59.38369,0.00932,0.93191,7.58933
1991-08-31,0.07820,6.84964,60.88976,0.03306,3.30575,7.84021
1991-09-30,0.07470,6.95744,62.31791,0.03103,3.10269,8.08347
1991-10-31,0.07470,6.95744,62.31791,0.00602,0.60215,8.13215
1991-11-30,0.07380,6.98557,62.69166,0.01233,1.23339,8.23245
1991-12-31,0.06710,7.20035,65.56054,0.05567,5.56651,8.69071
1992-01-31,0.07310,7.00756,62.98422,-0.03548,-3.54849,8.38232
1992-02-29,0.07270,7.02017,63.15214,0.00871,0.87097,8.45533
1992-03-31,0.07540,6.93568,62.02908,-0.01263,-1.26349,8.34849
1992-04-30,0.07610,6.91402,61.74185,0.00125,0.12514,8.35894
1992-05-31,0.07330,7.00127,62.90046,0.02598,2.59808,8.57611
1992-06-30,0.07140,7.06140,63.70160,0.01944,1.94439,8.74287
1992-07-31,0.06720,7.19707,65.51657,0.03657,3.65693,9.06259
1992-08-31,0.06620,7.22994,65.95784,0.01270,1.26975,9.17766
1992-09-30,0.06370,7.31308,67.07673,0.02385,2.38484,9.39653
1992-10-31,0.06800,7.17093,65.16611,-0.02507,-2.50732,9.16093
1992-11-30,0.06950,7.12230,64.51506,-0.00511,-0.51135,9.11408
1992-12-31,0.06700,7.20363,65.60454,0.02383,2.38291,9.33126
1993-01-31,0.06390,7.30638,66.98638,0.02839,2.83905,9.59618
1993-02-28,0.06030,7.42843,68.63523,0.03236,3.23622,9.90674
1993-03-31,0.06030,7.42843,68.63523,0.00489,0.48912,9.95519
1993-04-30,0.06050,7.42157,68.54236,0.00341,0.34083,9.98912
1993-05-31,0.06160,7.38401,68.03425,-0.00317,-0.31742,9.95742
1993-06-30,0.05800,7.50798,69.71418,0.03247,3.24743,10.28078
1993-07-31,0.05830,7.49753,69.57230,0.00246,0.24633,10.30610
1993-08-31,0.05450,7.63144,71.39534,0.03425,3.42481,10.65907
1993-09-30,0.05400,7.64932,71.63945,0.00827,0.82656,10.74717
1993-10-31,0.05430,7.63859,71.49287,0.00210,0.21040,10.76978
1993-11-30,0.05830,7.49753,69.57230,-0.02502,-2.50174,10.50035
1993-12-31,0.05830,7.49753,69.57230,0.00473,0.47332,10.55005
1994-01-31,0.05700,7.54296,70.18963,0.01460,1.45983,10.70406
1994-02-28,0.06150,7.38742,68.08026,-0.02792,-2.79238,10.40516
1994-03-31,0.06770,7.18072,65.29727,-0.03828,-3.82795,10.00686
1994-04-30,0.07060,7.08695,64.04260,-0.01481,-1.48090,9.85867
1994-05-31,0.07170,7.05186,63.57429,-0.00202,-0.20175,9.83878
1994-06-30,0.07340,6.99812,62.85864,-0.00602,-0.60188,9.77956
1994-07-31,0.07120,7.06778,63.78665,0.02162,2.16235,9.99103
1994-08-31,0.07190,7.04550,63.48959,0.00083,0.08318,9.99934
1994-09-30,0.07620,6.91093,61.70095,-0.02334,-2.33438,9.76592
1994-10-31,0.07810,6.85269,60.93002,-0.00677,-0.67717,9.69979
1994-11-30,0.07910,6.82232,60.52893,-0.00051,-0.05057,9.69488
1994-12-31,0.07840,6.84355,60.80936,0.01117,1.11695,9.80317
1995-01-31,0.07600,6.91711,61.78279,0.02309,2.30887,10.02951
1995-02-28,0.07220,7.03599,63.36279,0.03332,3.33171,10.36367
1995-03-31,0.07200,7.04233,63.44729,0.00724,0.72360,10.43866
1995-04-30,0.07070,7.08375,63.99985,0.01507,1.50736,10.59601
1995-05-31,0.06300,7.33661,67.39409,0.06420,6.41988,11.27626
1995-06-30,0.06210,7.36703,67.80479,0.01176,1.17620,11.40889
1995-07-31,0.06450,7.28632,66.71622,-0.01226,-1.22617,11.26900
1995-08-31,0.06280,7.34336,67.48510,0.01780,1.78036,11.46962
1995-09-30,0.06170,7.38061,67.98829,0.01325,1.32483,11.62158
1995-10-31,0.06030,7.42843,68.63523,0.01547,1.54688,11.80135
1995-11-30,0.05760,7.52194,69.90389,0.02546,2.54553,12.10176
1995-12-31,0.05580,7.58524,70.76530,0.01845,1.84458,12.32498
1996-01-31,0.05600,7.57817,70.66896,0.00302,0.30209,12.36222
1996-02-29,0.06130,7.39423,68.17238,-0.03368,-3.36809,11.94584
1996-03-31,0.06340,7.32315,67.21252,-0.01026,-1.02602,11.82328
1996-04-30,0.06660,7.21676,65.78090,-0.01762,-1.76211,11.61494
1996-05-31,0.06850,7.15467,64.94822,-0.00809,-0.80892,11.52098
1996-06-30,0.06730,7.19380,65.47264,0.01422,1.42163,11.68477
1996-07-31,0.06800,7.17093,65.16611,0.00044,0.04387,11.68989
1996-08-31,0.06960,7.11908,64.47194,-0.00581,-0.58106,11.62197
1996-09-30,0.06720,7.19707,65.51657,0.02308,2.30845,11.89026
1996-10-31,0.06370,7.31308,67.07673,0.03144,3.14412,12.26410
1996-11-30,0.06060,7.41815,68.49598,0.02848,2.84848,12.61344
1996-12-31,0.06430,7.29300,66.80613,-0.02161,-2.16119,12.34084
1997-01-31,0.06530,7.25971,66.35804,-0.00202,-0.20199,12.31591
1997-02-28,0.06560,7.24977,66.22431,0.00311,0.31133,12.35426
1997-03-31,0.06920,7.13199,64.64465,-0.01995,-1.99474,12.10782
1997-04-30,0.06720,7.19707,65.51657,0.02012,2.01166,12.35139
1997-05-31,0.06670,7.21348,65.73676,0.00905,0.90495,12.46316
1997-06-30,0.06510,7.26635,66.44736,0.01711,1.71065,12.67637
1997-07-31,0.06020,7.43186,68.68172,0.04251,4.25102,13.21524
1997-08-31,0.06340,7.32315,67.21252,-0.01821,-1.82066,12.97464
1997-09-30,0.06120,7.39764,68.21849,0.02158,2.15756,13.25457
1997-10-31,0.05840,7.49406,69.52508,0.02622,2.62182,13.60208
1997-11-30,0.05860,7.48711,69.43077,0.00325,0.32450,13.64622
1997-12-31,0.05750,7.52544,69.95142,0.01308,1.30772,13.82468
1998-01-31,0.05530,7.60296,71.00683,0.02157,2.15682,14.12285
1998-02-28,0.05620,7.57111,70.57278,-0.00229,-0.22899,14.09051
1998-03-31,0.05670,7.55350,70.33302,0.00080,0.07989,14.10177
1998-04-30,0.05680,7.54998,70.28518,0.00385,0.38518,14.15608
1998-05-31,0.05560,7.59232,70.86180,0.01378,1.37762,14.35110
1998-06-30,0.05440,7.63502,71.44409,0.01373,1.37328,14.54818
1998-07-31,0.05500,7.61363,71.15223,-0.00013,-0.01313,14.54627
1998-08-31,0.05050,7.77621,73.37649,0.04021,4.02076,15.13114
1998-09-30,0.04440,8.00477,76.52583,0.05437,5.43668,15.95377
1998-10-31,0.04640,7.92877,75.47578,-0.01208,-1.20798,15.76105
1998-11-30,0.04740,7.89116,74.95722,-0.00407,-0.40669,15.69696
1998-12-31,0.04650,7.92499,75.42374,0.01103,1.10297,15.87009
1999-01-31,0.04660,7.92122,75.37173,0.00300,0.30030,15.91775
1999-02-28,0.05290,7.68887,72.18003,-0.04320,-4.32047,15.23003
1999-03-31,0.05250,7.70333,72.37781,0.00739,0.73921,15.34261
1999-04-30,0.05360,7.66367,71.83546,-0.00411,-0.41135,15.27950
1999-05-31,0.05640,7.56406,70.47676,-0.01654,-1.65425,15.02674
1999-06-30,0.05810,7.50450,69.66685,-0.00807,-0.80743,14.90541
1999-07-31,0.05920,7.46632,69.14873,-0.00345,-0.34538,14.85393
1999-08-31,0.05980,7.44562,68.86807,0.00035,0.03494,14.85911
1999-09-30,0.05900,7.47324,69.24259,0.01085,1.08525,15.02037
1999-10-31,0.06020,7.43186,68.68172,-0.00408,-0.40803,14.95909
1999-11-30,0.06180,7.37722,67.94236,-0.00683,-0.68332,14.85687
1999-12-31,0.06450,7.28632,66.71622,-0.01442,-1.44203,14.64263
2000-01-31,0.06680,7.21019,65.69265,-0.01119,-1.11873,14.47882
2000-02-29,0.06420,7.29634,66.85114,0.02460,2.45996,14.83499
2000-03-31,0.06030,7.42843,68.63523,0.03469,3.46916,15.34964
2000-04-30,0.06230,7.36026,67.71326,-0.00969,-0.96938,15.20084
2000-05-31,0.06290,7.33999,67.43958,0.00066,0.06572,15.21083
2000-06-30,0.06030,7.42843,68.63523,0.02464,2.46423,15.58566
2000-07-31,0.06040,7.42500,68.58878,0.00415,0.41491,15.65033
2000-08-31,0.05730,7.53244,70.04659,0.02859,2.85863,16.09771
2000-09-30,0.05800,7.50798,69.71418,-0.00058,-0.05845,16.08830
2000-10-31,0.05770,7.51845,69.85641,0.00697,0.69681,16.20041
2000-11-30,0.05480,7.62075,71.24935,0.02709,2.70854,16.63920
2000-12-31,0.05120,7.75059,73.02509,0.03283,3.28311,17.18549
2001-01-31,0.05190,7.72509,72.67569,-0.00122,-0.12201,17.16452
2001-02-28,0.04920,7.82411,74.03448,0.02562,2.56204,17.60428
2001-03-31,0.04930,7.82041,73.98361,0.00323,0.32287,17.66112
2001-04-30,0.05350,7.66726,71.88457,-0.02755,-2.75502,17.17455
2001-05-31,0.05430,7.63859,71.49287,-0.00174,-0.17354,17.14475
2001-06-30,0.05420,7.64216,71.54169,0.00518,0.51807,17.23357
2001-07-31,0.05070,7.76887,73.27588,0.03205,3.20481,17.78587
2001-08-31,0.04850,7.85009,74.39170,0.02158,2.15801,18.16969
2001-09-30,0.04600,7.94388,75.68441,0.02405,2.40507,18.60669
2001-10-31,0.04300,8.05859,77.27125,0.02828,2.82783,19.13285
2001-11-30,0.04780,7.87619,74.75098,-0.03343,-3.34300,18.49324
2001-12-31,0.05070,7.76887,73.27588,-0.01832,-1.83230,18.15439
2002-01-31,0.05070,7.76887,73.27588,0.00413,0.41299,18.22937
2002-02-28,0.04880,7.83894,74.23835,0.01916,1.91579,18.57860
2002-03-31,0.05420,7.64216,71.54169,-0.03625,-3.62462,17.90520
2002-04-30,0.05110,7.75424,73.07516,0.02880,2.87975,18.42082
2002-05-31,0.05080,7.76521,73.22564,0.00649,0.64946,18.54046
2002-06-30,0.04860,7.84637,74.34054,0.02158,2.15798,18.94056
2002-07-31,0.04510,7.97805,76.15634,0.03235,3.23521,19.55333
2002-08-31,0.04140,8.12076,78.13378,0.03426,3.42644,20.22331
2002-09-30,0.03630,8.32358,80.96071,0.04689,4.68893,21.17157
2002-10-31,0.03930,8.20340,79.28334,-0.02128,-2.12776,20.72109
2002-11-30,0.04220,8.08959,77.70109,-0.01992,-1.99156,20.30841
2002-12-31,0.03830,8.24318,79.83782,0.03621,3.62060,21.04370
2003-01-31,0.04000,8.17572,78.89793,-0.01065,-1.06477,20.81963
2003-02-28,0.03710,8.29128,80.50931,0.02766,2.76570,21.39544
2003-03-31,0.03830,8.24318,79.83782,-0.00679,-0.67940,21.25008
2003-04-30,0.03890,8.21928,79.50458,-0.00178,-0.17803,21.21225
2003-05-31,0.03370,8.42979,82.44869,0.04813,4.81349,22.23330
2003-06-30,0.03540,8.36012,81.47214,-0.01133,-1.13286,21.98143
2003-07-31,0.04490,7.98567,76.26169,-0.06952,-6.95193,20.45329
2003-08-31,0.04450,8.00094,76.47292,0.00687,0.68733,20.59387
2003-09-30,0.03960,8.19152,79.11789,0.04472,4.47230,21.51489
2003-10-31,0.04330,8.04702,77.11079,-0.02600,-2.60046,20.95541
2003-11-30,0.04340,8.04316,77.05739,0.00273,0.27347,21.01272
2003-12-31,0.04270,8.07020,77.43210,0.00921,0.92148,21.20634
2004-01-31,0.04160,8.11295,78.02534,0.01246,1.24620,21.47062
2004-02-29,0.03990,8.17966,78.95285,0.01742,1.74218,21.84467
2004-03-31,0.03860,8.23122,79.67099,0.01403,1.40336,22.15123
2004-04-30,0.04530,7.97044,76.05117,-0.04853,-4.85338,21.07615
2004-05-31,0.04660,7.92122,75.37173,-0.00654,-0.65351,20.93841
2004-06-30,0.04620,7.93632,75.58001,0.00698,0.69834,21.08463
2004-07-31,0.04500,7.98186,76.20900,0.01340,1.34039,21.36725
2004-08-31,0.04130,8.12466,78.18807,0.03427,3.42713,22.09953
2004-09-30,0.04140,8.12076,78.13378,0.00257,0.25665,22.15625
2004-10-31,0.04050,8.15603,78.62400,0.01076,1.07585,22.39462
2004-11-30,0.04360,8.03546,76.95073,-0.02123,-2.12263,21.91926
2004-12-31,0.04240,8.08182,77.59336,0.01332,1.33167,22.21116
2005-01-31,0.04140,8.12076,78.13378,0.01163,1.16263,22.46939
2005-02-28,0.04360,8.03546,76.95073,-0.01411,-1.41056,22.15245
2005-03-31,0.04500,7.98186,76.20900,-0.00754,-0.75372,21.98548
2005-04-30,0.04210,8.09348,77.75502,0.02747,2.74728,22.58948
2005-05-31,0.04000,8.17572,78.89793,0.02079,2.07854,23.05901
2005-06-30,0.03940,8.19944,79.22814,0.00821,0.82077,23.24827
2005-07-31,0.04280,8.06633,77.37844,-0.02375,-2.37528,22.69606
2005-08-31,0.04020,8.16783,78.78822,0.02500,2.50012,23.26349
2005-09-30,0.04340,8.04316,77.05739,-0.02205,-2.20538,22.75045
2005-10-31,0.04570,7.95525,75.84133,-0.01455,-1.45498,22.41943
2005-11-30,0.04490,7.98567,76.26169,0.01014,1.01438,22.64685
2005-12-31,0.04390,8.02393,76.79106,0.01173,1.17291,22.91248
2006-01-31,0.04530,7.97044,76.05117,-0.00750,-0.74974,22.74069
2006-02-28,0.04550,7.96284,75.94616,0.00211,0.21078,22.78863
2006-03-31,0.04860,7.84637,74.34054,-0.02025,-2.02517,22.32712
2006-04-30,0.05070,7.76887,73.27588,-0.01219,-1.21906,22.05494
2006-05-31,0.05120,7.75059,73.02509,0.00026,0.02637,22.06075
2006-06-30,0.05150,7.73964,72.87510,0.00185,0.18511,22.10159
2006-07-31,0.04990,7.79826,73.67930,0.01677,1.67651,22.47212
2006-08-31,0.04740,7.89116,74.95722,0.02403,2.40283,23.01209
2006-09-30,0.04640,7.92877,75.47578,0.01183,1.18332,23.28440
2006-10-31,0.04610,7.94010,75.63219,0.00617,0.61722,23.42811
2006-11-30,0.04460,7.99712,76.42005,0.01584,1.58445,23.79932
2006-12-31,0.04710,7.90241,75.11234,-0.01588,-1.58785,23.42142
2007-01-31,0.04830,7.85753,74.49414,-0.00553,-0.55327,23.29184
2007-02-28,0.04560,7.95904,75.89373,0.02570,2.57046,23.89055
2007-03-31,0.04650,7.92499,75.42374,-0.00338,-0.33791,23.80982
2007-04-30,0.04630,7.93254,75.52788,0.00538,0.53828,23.93798
2007-05-31,0.04900,7.83152,74.13633,-0.01710,-1.70961,23.52874
2007-06-30,0.05030,7.78355,73.47726,-0.00606,-0.60621,23.38610
2007-07-31,0.04780,7.87619,74.75098,0.02402,2.40221,23.94788
2007-08-31,0.04540,7.96664,75.99864,0.02324,2.32374,24.50437
2007-09-30,0.04590,7.94767,75.73668,-0.00026,-0.02575,24.49806
2007-10-31,0.04480,7.98948,76.31443,0.01258,1.25814,24.80628
2007-11-30,0.03970,8.18756,79.06283,0.04644,4.64436,25.95837
2007-12-31,0.04040,8.15996,78.67869,-0.00244,-0.24431,25.89496
2008-01-31,0.03670,8.30741,80.73464,0.03460,3.45959,26.79082
2008-02-29,0.03530,8.36420,81.52920,0.01480,1.47978,27.18726
2008-03-31,0.03450,8.39690,81.98741,0.00964,0.96389,27.44932
2008-04-30,0.03770,8.26718,80.17273,-0.02321,-2.32140,26.81211
2008-05-31,0.04060,8.15210,78.56935,-0.02022,-2.02220,26.26991
2008-06-30,0.03990,8.17966,78.95285,0.00907,0.90671,26.50810
2008-07-31,0.03990,8.17966,78.95285,0.00327,0.32657,26.59467
2008-08-31,0.03830,8.24318,79.83782,0.01656,1.65570,27.03500
2008-09-30,0.03850,8.23520,79.72656,0.00149,0.14915,27.07532
2008-10-31,0.04010,8.17177,78.84305,-0.00982,-0.98208,26.80942
2008-11-30,0.02930,8.61401,85.04158,0.10127,10.12727,29.52448
2008-12-31,0.02250,8.91022,89.24178,0.06506,6.50623,31.44541
2009-01-31,0.02870,8.63958,85.40261,-0.05007,-5.00680,29.87100
2009-02-28,0.03020,8.57586,84.50342,-0.01041,-1.04080,29.56011
2009-03-31,0.02710,8.70829,86.37429,0.02989,2.98932,30.44375
2009-04-30,0.03160,8.51700,83.67431,-0.03525,-3.52485,29.37066
2009-05-31,0.03470,8.38871,81.87257,-0.02302,-2.30157,28.69467
2009-06-30,0.03530,8.36420,81.52920,-0.00216,-0.21572,28.63277
2009-07-31,0.03520,8.36828,81.58631,0.00373,0.37324,28.73964
2009-08-31,0.03400,8.41743,82.27535,0.01305,1.30472,29.11461
2009-09-30,0.03310,8.45458,82.79668,0.01043,1.04328,29.41836
2009-10-31,0.03410,8.41332,82.21767,-0.00565,-0.56549,29.25200
2009-11-30,0.03210,8.49612,83.38054,0.01996,1.99572,29.83579
2009-12-31,0.03850,8.23520,79.72656,-0.04844,-4.84360,28.39066
2010-01-31,0.03630,8.32358,80.96071,0.02166,2.16609,29.00563
2010-02-28,0.03610,8.33168,81.07403,0.00464,0.46438,29.14032
2010-03-31,0.03840,8.23919,79.78217,-0.01578,-1.57794,28.68051
2010-04-30,0.03690,8.29934,80.62188,0.01568,1.56847,29.13035
2010-05-31,0.03310,8.45458,82.79668,0.03575,3.57494,30.17174
2010-06-30,0.02970,8.59703,84.80189,0.03244,3.24374,31.15044
2010-07-31,0.02940,8.60976,84.98158,0.00503,0.50287,31.30708
2010-08-31,0.02470,8.81282,87.85651,0.04481,4.48082,32.70990
2010-09-30,0.02530,8.78652,87.48315,-0.00322,-0.32208,32.60455
2010-10-31,0.02630,8.74293,86.86504,-0.00662,-0.66152,32.38886
2010-11-30,0.02810,8.66525,85.76546,-0.01329,-1.32928,31.95832
2010-12-31,0.03300,8.45872,82.85485,-0.03814,-3.81410,30.73940
2011-01-31,0.03420,8.40921,82.16003,-0.00732,-0.73226,30.51430
2011-02-28,0.03420,8.40921,82.16003,0.00281,0.28063,30.59993
2011-03-31,0.03470,8.38871,81.87257,-0.00138,-0.13778,30.55777
2011-04-30,0.03320,8.45044,82.73856,0.01562,1.56154,31.03495
2011-05-31,0.03050,8.56320,84.32494,0.02615,2.61534,31.84662
2011-06-30,0.03180,8.50864,83.55665,-0.00848,-0.84838,31.57644
2011-07-31,0.02820,8.66097,85.70486,0.03435,3.43470,32.66099
2011-08-31,0.02230,8.91915,89.36899,0.05650,5.64986,34.50629
2011-09-30,0.01920,9.05922,91.36851,0.03036,3.03622,35.55398
2011-10-31,0.02170,8.94602,89.75192,-0.02050,-2.04985,34.82518
2011-11-30,0.02080,8.98654,90.32996,0.00992,0.99151,35.17047
2011-12-31,0.01890,9.07294,91.56481,0.01912,1.91209,35.84296
2012-01-31,0.01830,9.10047,91.95890,0.00704,0.70384,36.09524
2012-02-29,0.01980,9.03187,90.97741,-0.01193,-1.19331,35.66451
2012-03-31,0.02230,8.91915,89.36899,-0.02038,-2.03834,34.93754
2012-04-30,0.01950,9.04553,91.17271,0.02752,2.75245,35.89918
2012-05-31,0.01590,9.21177,93.55548,0.03538,3.53793,37.16927
2012-06-30,0.01670,9.17446,93.01967,-0.00599,-0.59944,36.94646
2012-07-31,0.01510,9.24930,94.09494,0.01630,1.63005,37.54871
2012-08-31,0.01570,9.22114,93.69000,-0.00427,-0.42661,37.38852
2012-09-30,0.01650,9.18377,93.15328,-0.00602,-0.60182,37.16351
2012-10-31,0.01720,9.15125,92.68664,-0.00502,-0.50185,36.97701
2012-11-30,0.01620,9.19776,93.35413,0.01067,1.06666,37.37142
2012-12-31,0.01780,9.12350,92.28885,-0.01314,-1.31394,36.88039
2013-01-31,0.02020,9.01370,90.71777,-0.01990,-1.99002,36.14646
2013-02-28,0.01890,9.07294,91.56481,0.01354,1.35401,36.63589
2013-03-31,0.01870,9.08210,91.69595,0.00338,0.33798,36.75971
2013-04-30,0.01700,9.16052,92.81968,0.01725,1.72521,37.39389
2013-05-31,0.02160,8.95051,89.81593,-0.03882,-3.88164,35.94240
2013-06-30,0.02520,8.79090,87.54524,-0.02930,-2.92975,34.88937
2013-07-31,0.02600,8.75598,87.04993,-0.00490,-0.49008,34.71839
2013-08-31,0.02780,8.67813,85.94757,-0.01334,-1.33401,34.25524
2013-09-30,0.02640,8.73859,86.80352,0.01461,1.46068,34.75560
2013-10-31,0.02570,8.76905,87.23528,0.00833,0.83335,35.04524
2013-11-30,0.02750,8.69104,86.13014,-0.01339,-1.33875,34.57607
2013-12-31,0.03040,8.56742,84.38438,-0.02223,-2.22274,33.80753
2014-01-31,0.02670,8.72559,86.61925,0.03538,3.53763,35.00352
2014-02-28,0.02660,8.72992,86.68062,0.00307,0.30717,35.11103
2014-03-31,0.02730,8.69966,86.25211,-0.00388,-0.38785,34.97486
2014-04-30,0.02670,8.72559,86.61925,0.00750,0.74980,35.23710
2014-05-31,0.02480,8.80843,87.79415,0.01909,1.90927,35.90987
2014-06-30,0.02530,8.78652,87.48315,-0.00234,-0.23388,35.82588
2014-07-31,0.02580,8.76469,87.17345,-0.00229,-0.22872,35.74394
2014-08-31,0.02350,8.86576,88.60893,0.02275,2.27506,36.55714
2014-09-30,0.02520,8.79090,87.54524,-0.01288,-1.28805,36.08627
2014-10-31,0.02350,8.86576,88.60893,0.01728,1.72760,36.70969
2014-11-30,0.02180,8.94154,89.68796,0.01727,1.72678,37.34358
2014-12-31,0.02170,8.94602,89.75192,0.00269,0.26938,37.44418
2015-01-31,0.01680,9.16981,92.95295,0.04784,4.78386,39.23546
2015-02-28,0.02000,9.02278,90.84748,-0.02702,-2.70184,38.17538
2015-03-31,0.01940,9.05009,91.23792,0.00710,0.70981,38.44635
2015-04-30,0.02050,9.00011,90.52362,-0.00824,-0.82429,38.12944
2015-05-31,0.02120,8.96850,90.07251,-0.00456,-0.45634,37.95544
2015-06-30,0.02350,8.86576,88.60893,-0.01841,-1.84072,37.25679
2015-07-31,0.02200,8.93257,89.56021,0.01544,1.54372,37.83193
2015-08-31,0.02210,8.92810,89.49642,0.00092,0.09227,37.86684
2015-09-30,0.02060,8.99558,90.45901,0.01542,1.54184,38.45068
2015-10-31,0.02160,8.95051,89.81593,-0.00720,-0.72049,38.17365
2015-11-30,0.02210,8.92810,89.49642,-0.00267,-0.26704,38.07171
2015-12-31,0.02270,8.90131,89.11478,-0.00350,-0.35015,37.93840
2016-01-31,0.01940,9.05009,91.23792,0.03223,3.22344,39.16132
2016-02-29,0.01740,9.14198,92.55382,0.02007,2.00715,39.94735
2016-03-31,0.01780,9.12350,92.28885,-0.00220,-0.22035,39.85933
2016-04-30,0.01830,9.10047,91.95890,-0.00307,-0.30674,39.73706
2016-05-31,0.01840,9.09587,91.89308,0.00060,0.06032,39.76103
2016-06-30,0.01490,9.25872,94.23038,0.03450,3.45032,41.13292
2016-07-31,0.01460,9.27287,94.43397,0.00402,0.40194,41.29825
2016-08-31,0.01580,9.21645,93.62271,-0.00978,-0.97837,40.89420
2016-09-30,0.01600,9.20710,93.48831,-0.00053,-0.05323,40.87243
2016-10-31,0.01840,9.09587,91.89308,-0.02024,-2.02418,40.04510
2016-11-30,0.02370,8.85691,88.48300,-0.04418,-4.41783,38.27597
2016-12-31,0.02450,8.82161,87.98139,-0.00508,-0.50753,38.08171
2017-01-31,0.02450,8.82161,87.98139,0.00202,0.20191,38.15860
2017-02-28,0.02360,8.86133,88.54594,0.01003,1.00302,38.54134
2017-03-31,0.02400,8.84365,88.29450,-0.00158,-0.15847,38.48026
2017-04-30,0.02290,8.89240,88.98800,0.01181,1.18138,38.93486
2017-05-31,0.02210,8.92810,89.49642,0.00906,0.90597,39.28760
2017-06-30,0.02310,8.88351,88.86143,-0.00702,-0.70158,39.01196
2017-07-31,0.02300,8.88795,88.92469,0.00279,0.27942,39.12097
2017-08-31,0.02120,8.96850,90.07251,0.01819,1.81860,39.83242
2017-09-30,0.02330,8.87463,88.73507,-0.01669,-1.66913,39.16757
2017-10-31,0.02380,8.85248,88.42011,-0.00249,-0.24940,39.06988
2017-11-30,0.02420,8.83483,88.16910,-0.00156,-0.15649,39.00875
2017-12-31,0.02400,8.84365,88.29450,0.00377,0.37651,39.15562
2018-01-31,0.02720,8.70397,86.31317,-0.02543,-2.54324,38.15980
2018-02-28,0.02870,8.63958,85.40261,-0.01062,-1.06244,37.75437
2018-03-31,0.02740,8.69534,86.19110,0.01374,1.37376,38.27302
2018-04-30,0.02950,8.60551,84.92163,-0.01563,-1.56292,37.67485
2018-05-31,0.02830,8.65668,85.64430,0.01288,1.28754,38.15993
2018-06-30,0.02850,8.64812,85.52335,0.00060,0.06004,38.18284
2018-07-31,0.02960,8.60127,84.86174,-0.00707,-0.70655,37.91305
2018-08-31,0.02860,8.64385,85.46295,0.01112,1.11204,38.33466
2018-09-30,0.03050,8.56320,84.32494,-0.01377,-1.37652,37.80698
2018-10-31,0.03150,8.52119,83.73321,-0.00597,-0.59725,37.58118
2018-11-30,0.03010,8.58009,84.56302,0.01468,1.46828,38.13297
2018-12-31,0.02690,8.71693,86.49667,0.03081,3.08114,39.30790
2019-01-31,0.02630,8.74293,86.86504,0.00748,0.74759,39.60177
2019-02-28,0.02730,8.69966,86.25211,-0.00649,-0.64908,39.34472
2019-03-31,0.02410,8.83924,88.23177,0.03098,3.09843,40.56379
2019-04-30,0.02510,8.79528,87.60739,-0.00676,-0.67650,40.28937
2019-05-31,0.02140,8.95950,89.94411,0.03583,3.58338,41.73309
2019-06-30,0.02000,9.02278,90.84748,0.01449,1.44870,42.33768
2019-07-31,0.02020,9.01370,90.71777,-0.00015,-0.01493,42.33136
2019-08-31,0.01500,9.25401,94.16263,0.05106,5.10619,44.49288
2019-09-30,0.01680,9.16981,92.95295,-0.01511,-1.51136,43.82043
2019-10-31,0.01690,9.16516,92.88629,0.00047,0.04733,43.84117
2019-11-30,0.01780,9.12350,92.28885,-0.00678,-0.67762,43.54409
2019-12-31,0.01920,9.05922,91.36851,-0.01112,-1.11220,43.05979
2020-01-31,0.01510,9.24930,94.09494,0.04030,4.02991,44.79507
2020-02-29,0.01130,9.43055,96.70812,0.03778,3.77840,46.48760
2020-03-31,0.00700,9.64175,99.76913,0.04332,4.33187,48.50139
2020-04-30,0.00640,9.67174,100.20527,0.00640,0.64026,48.81192
2020-05-31,0.00650,9.66673,100.13243,-0.00043,-0.04344,48.79072
2020-06-30,0.00660,9.66173,100.05964,-0.00043,-0.04256,48.76995
2020-07-31,0.00550,9.71698,100.86371,0.01130,1.12980,49.32096
2020-08-31,0.00720,9.63178,99.62425,-0.01577,-1.57729,48.54302
2020-09-30,0.00690,9.64674,99.84167,0.00350,0.34965,48.71275
2020-10-31,0.00880,9.55254,98.47407,-0.01740,-1.73989,47.86521
2020-11-30,0.00840,9.57226,98.76014,0.00457,0.45672,48.08382
2020-12-31,0.00930,9.52796,98.11786,-0.00784,-0.78381,47.70693
2021-01-31,0.01110,9.44023,96.84801,-0.01606,-1.60638,46.94058
2021-02-28,0.01440,9.28232,94.56999,-0.02920,-2.91964,45.57008
2021-03-31,0.01740,9.14198,92.55382,-0.02582,-2.58173,44.39358
2021-04-30,0.01650,9.18377,93.15328,0.00974,0.97417,44.82605
2021-05-31,0.01580,9.21645,93.62271,0.00784,0.78392,45.17745
2021-06-30,0.01450,9.27759,94.50195,0.01345,1.34480,45.78499
2021-07-31,0.01240,9.37757,95.94296,0.02110,2.11048,46.75128
2021-08-31,0.01300,9.34885,95.52861,-0.00456,-0.45646,46.53788
2021-09-30,0.01520,9.24460,94.02731,-0.01903,-1.90336,45.65209
2021-10-31,0.01550,9.23051,93.82475,-0.00151,-0.15070,45.58329
2021-11-30,0.01430,9.28705,94.63808,0.01250,1.24952,46.15287
2021-12-31,0.01520,9.24460,94.02731,-0.00710,-0.70981,45.82527
2022-01-31,0.01790,9.11889,92.22275,-0.02303,-2.30269,44.77005
2022-02-28,0.01830,9.10047,91.95890,-0.00215,-0.21533,44.67365
2022-03-31,0.02320,8.87907,88.79822,-0.04093,-4.09291,42.84520
2022-04-30,0.02890,8.63104,85.28206,-0.04590,-4.58985,40.87867
2022-05-31,0.02850,8.64812,85.52335,0.00584,0.58431,41.11753
2022-06-30,0.02980,8.59279,84.74210,-0.00875,-0.87545,40.75757
2022-07-31,0.02670,8.72559,86.61925,0.02992,2.99156,41.97685
2022-08-31,0.03150,8.52119,83.73321,-0.03774,-3.77389,40.39269
2022-09-30,0.03830,8.24318,79.83782,-0.05162,-5.16199,38.30763
2022-10-31,0.04100,8.13640,78.35120,-0.01855,-1.85457,37.59718
2022-11-30,0.03680,8.30337,80.67824,0.03894,3.89398,39.06121
2022-12-31,0.03880,8.22325,79.56000,-0.01327,-1.32713,38.54282
2023-01-31,0.03520,8.36828,81.58631,0.03383,3.38317,39.84679
2023-02-28,0.03920,8.20736,79.33858,-0.02931,-2.93077,38.67897
2023-03-31,0.03480,8.38462,81.81523,0.04089,4.08937,40.26070
2023-04-30,0.03440,8.40100,82.04490,0.00622,0.62217,40.51119
2023-05-31,0.03640,8.31953,80.90412,-0.01365,-1.36548,39.95802
2023-06-30,0.03810,8.25117,79.94927,-0.01093,-1.09276,39.52137
2023-07-31,0.03970,8.18756,79.06283,-0.00988,-0.98780,39.13098
2023-08-31,0.04090,8.14032,78.40567,-0.00646,-0.64623,38.87810
2023-09-30,0.04590,7.94767,75.73668,-0.03545,-3.54456,37.50004
2023-10-31,0.04880,7.83894,74.23835,-0.01867,-1.86739,36.79977
2023-11-30,0.04370,8.03162,76.89746,0.04594,4.59397,38.49034
2023-12-31,0.03880,8.22325,79.56000,0.04482,4.48198,40.21547
2024-01-31,0.03990,8.17966,78.95285,-0.00577,-0.57726,39.98332
2024-02-29,0.04250,8.07795,77.53956,-0.01747,-1.74749,39.28462
2024-03-31,0.04200,8.09736,77.80899,0.00753,0.75329,39.58054
2024-04-30,0.04690,7.90993,75.21597,-0.03442,-3.44213,38.21813
2024-05-31,0.04510,7.97805,76.15634,0.01831,1.83106,38.91793
2024-06-30,0.04360,8.03546,76.95073,0.01582,1.58226,39.53371
2024-07-31,0.04090,8.14032,78.40567,0.02583,2.58273,40.55476
2024-08-31,0.03910,8.21133,79.39387,0.01826,1.82551,41.29509
2024-09-30,0.03810,8.25117,79.94927,0.01149,1.14925,41.76967
2024-10-31,0.04090,8.14032,78.40567,-0.01936,-1.93647,40.96082
